name,age,salary,department,address
Joete,20,1304234282,Legal,570 Division Pass
Jacquetta,26,8566981316,Services,51 Claremont Way
Noel,72,1213223962,Training,75 Hermina Terrace
Hinda,30,0364625260,Services,30184 Independence Plaza
Kelley,65,9876385593,Training,7 Sugar Park
Gratiana,74,1700625047,Marketing,9 Gerald Way
King,19,4233182628,Legal,438 Rutledge Drive
Willette,33,1560635851,Training,374 Nelson Terrace
Brody,92,1367856930,Services,379 Moland Trail
Paulita,4,1779452799,Support,1961 Stang Plaza
Damita,50,7465230357,Accounting,5 Mayfield Drive
Elwin,41,0731695771,Business Development,83 Old Gate Trail
Susann,51,7809952374,Legal,77 Lillian Way
Dorena,88,7972746109,Legal,867 Lindbergh Circle
Suzann,80,7034133166,Training,1 Sunnyside Terrace
Crawford,31,1504377540,Human Resources,402 8th Avenue
Rickie,37,1254275932,Research and Development,95 Bartelt Junction
Josias,1,3888109302,Services,1957 Bunker Hill Place
Elianora,78,1919847170,Legal,42081 Onsgard Hill
Eal,81,8052664470,Sales,715 Carberry Park
Berta,39,7447260193,Product Management,45732 Longview Street
Dana,43,6307646764,Training,7 Tennessee Point
Tawsha,61,5350694278,Engineering,47 Carey Point
Kingsly,25,7897869512,Engineering,51 Namekagon Hill
Kenyon,5,9555146187,Training,5 Pleasure Avenue
Wyatan,14,3979559386,Training,32 Rockefeller Center
Adlai,51,9322355174,Legal,91 Monica Circle
Jemima,57,1954050011,Business Development,8604 Declaration Road
Deborah,30,2825806587,Business Development,2 Roth Center
Lola,93,6125902102,Engineering,123 Lillian Junction
Lilllie,7,8894878724,Product Management,8 5th Crossing
Tally,89,4155881918,Support,2497 Fair Oaks Place
Hestia,2,1706190581,Human Resources,307 Dennis Drive
Yuri,41,3695537531,Engineering,42170 Thackeray Point
Karoly,88,4591155544,Engineering,70 Norway Maple Circle
Constantino,64,6114808274,Services,26 Sachtjen Trail
Hal,53,3052554115,Legal,217 Sunbrook Parkway
Moses,33,6080779781,Product Management,81 Pleasure Court
Durante,83,6250316272,Services,7947 Johnson Crossing
Mellisent,68,3977221485,Engineering,7541 Portage Crossing
Jolene,92,8288852254,Sales,2467 Center Court
Fernando,26,6481839440,Support,8778 Golf Plaza
Aguste,35,5444957302,Engineering,17301 Huxley Pass
Ardys,4,0967482178,Business Development,27877 Monterey Hill
Piggy,13,8724655422,Product Management,41 Hoard Parkway
Mahalia,1,3255471079,Accounting,5690 Magdeline Circle
Ahmad,6,3971256066,Services,77233 Welch Parkway
Amity,14,8161349983,Research and Development,4 Muir Alley
Martino,4,2346763535,Support,6798 Maple Wood Crossing
Arlette,33,1960244671,Product Management,673 Larry Road
Ellyn,18,1203831986,Business Development,11546 Packers Park
Ludovico,48,6849937502,Accounting,58 Sundown Plaza
Feodor,77,0058554599,Services,4502 Corry Junction
Flinn,86,5285319773,Marketing,0 Gale Plaza
Wendy,15,1914971639,Marketing,0 Gina Alley
Fernanda,10,3306600970,Accounting,00627 Clove Pass
Malinda,34,2897072717,Research and Development,803 Bunting Street
Violetta,55,6772331672,Training,39745 Loeprich Court
Tiler,40,8029665679,Engineering,71 Loeprich Junction
Isis,97,5814087048,Training,24611 Hanson Park
Maggy,80,7512471637,Business Development,529 Riverside Drive
Abrahan,57,8333937462,Engineering,700 Harbort Drive
Eydie,1,7585741618,Research and Development,86 Hazelcrest Park
Gris,85,0532042719,Engineering,46265 Darwin Hill
Rodge,86,3152285450,Engineering,71 Annamark Point
Fara,13,4583004842,Accounting,328 Hoard Street
Armando,48,3192778636,Research and Development,171 Milwaukee Way
Vick,100,2087273944,Legal,7424 Coolidge Parkway
Godard,16,0460678388,Support,0618 Arizona Crossing
Clementius,18,2133147802,Services,329 Eliot Way
Hamish,74,4750305073,Services,7110 Forest Dale Circle
Brandais,95,2263335412,Engineering,77372 Redwing Plaza
Meridith,97,8595616434,Accounting,7097 Bayside Point
Mason,25,2344886230,Training,2853 Dorton Court
Gabby,2,1334730261,Engineering,161 Helena Crossing
Eadith,2,4925714325,Support,51627 Coleman Parkway
Ola,11,3741184969,Sales,608 Fairview Parkway
Lina,32,6111398830,Research and Development,69 Memorial Terrace
Patricia,42,6937608411,Product Management,72 2nd Circle
Iorgos,31,0859319377,Services,490 Vernon Parkway
Collette,92,4824434920,Sales,5027 Helena Way
Bobbe,7,6717786426,Marketing,28 Hooker Point
Aldric,77,5155924812,Research and Development,2005 Forest Run Park
Sibyl,62,3250548928,Engineering,83950 Huxley Alley
Dorris,76,0127009760,Research and Development,1 Trailsway Trail
Micheal,26,4938728257,Support,5 Harper Point
Tallia,67,8270640115,Sales,78264 Ronald Regan Point
Idalia,67,3241356442,Research and Development,864 Grim Street
Darb,43,4517186547,Sales,6 Farwell Center
Thayne,3,2321626208,Accounting,7343 Merry Alley
Regan,30,0892265752,Engineering,18574 Bayside Trail
Drusilla,60,1354795083,Support,8 Heffernan Street
Tamara,91,5188080184,Product Management,75 Buena Vista Crossing
Clare,79,6325299477,Training,72767 Buell Way
Sterne,15,4663174582,Accounting,89 Gateway Lane
Dorie,22,1263416551,Business Development,85572 Almo Court
Werner,46,7545482824,Marketing,8875 Declaration Street
Chelsie,60,6924151906,Support,1 Claremont Parkway
Gene,95,6145543701,Product Management,284 Stoughton Pass
Myrtle,83,0496531271,Human Resources,57 Mosinee Drive
Martainn,12,5722212520,Engineering,2193 Paget Park
Lotta,77,4046037156,Training,9469 Calypso Avenue
Herve,55,4527368486,Legal,26467 Troy Way
Erinna,78,4349320903,Product Management,282 Lunder Street
Fabian,65,5079089245,Product Management,4420 Sage Street
Ashil,59,1866200445,Business Development,95 Amoth Place
Vassili,11,2044824639,Training,2527 Eagle Crest Road
Berny,89,6500346491,Accounting,17646 Fulton Place
Celine,93,3671968990,Engineering,35 South Junction
Dorolisa,77,1724593781,Business Development,23 5th Parkway
Ailyn,91,4374050892,Human Resources,112 Westend Way
Reba,52,6278892995,Research and Development,2956 Waxwing Alley
Grayce,97,3680570171,Engineering,72090 Gina Circle
Rodger,67,0624271560,Human Resources,73 Monica Point
Melba,21,4325236775,Support,2 Meadow Ridge Center
Bax,94,1535562900,Research and Development,55 Lindbergh Lane
De,96,0198735774,Training,27 2nd Point
Welbie,2,4025764709,Human Resources,769 Union Trail
Peyter,77,2321968087,Services,855 Mitchell Center
Laural,15,9073931266,Product Management,350 Artisan Street
Bernelle,42,7073754753,Engineering,105 Porter Trail
Siusan,82,4448699501,Marketing,154 Manufacturers Lane
Hazel,34,1125444312,Sales,765 New Castle Lane
Tallie,98,7790219359,Legal,9774 Main Pass
Penelopa,86,1116740141,Services,11322 Crescent Oaks Pass
Somerset,99,0068083459,Training,75 Hooker Road
Netta,20,4046003685,Services,76897 Armistice Hill
Fenelia,26,7209615199,Support,3 Longview Pass
Udell,31,3036966862,Sales,3 Southridge Trail
Wileen,43,4474527216,Research and Development,3 Rutledge Road
Noah,55,6255449939,Services,66 North Point
Tanner,38,8871135636,Product Management,2 International Junction
Dolly,27,8481410179,Sales,8721 Merchant Point
Addie,3,1055425993,Business Development,81447 Bunker Hill Alley
Hyman,83,6348502899,Support,57142 Commercial Trail
Vilma,77,5968917695,Business Development,35 Dwight Park
Corbet,49,9479699834,Accounting,27 Walton Street
Augustus,24,4322558704,Research and Development,1 Alpine Hill
Odetta,67,7361034047,Support,3 Clyde Gallagher Center
Jock,4,4349677429,Legal,83033 Mockingbird Center
Ranique,6,0503793760,Services,8 Sauthoff Parkway
Salomi,77,6590166234,Accounting,1048 Sherman Way
Farlay,98,9143884164,Human Resources,80075 Towne Circle
Grantham,55,0195634543,Marketing,42862 Stang Alley
Kasper,5,4668110760,Engineering,55020 Oneill Road
Even,18,5592111622,Legal,33396 Novick Terrace
Eugenio,88,6584766969,Engineering,442 Oak Valley Point
Justin,10,4381818989,Product Management,55 Becker Circle
Matthiew,12,8396619751,Human Resources,31973 Ruskin Center
Gustaf,80,0207155275,Engineering,31 Lyons Park
Hayden,32,2701417910,Marketing,70042 Novick Alley
Anna-diana,35,8213170296,Research and Development,6262 Moose Drive
Georgie,47,8577418707,Accounting,7 Del Sol Alley
Lawrence,4,2969398486,Accounting,77 Schmedeman Terrace
Merrielle,50,4280122296,Product Management,0377 Dakota Way
Giacobo,24,1101416351,Accounting,331 8th Lane
Lauralee,69,2987851545,Business Development,9846 Boyd Road
Alameda,40,1040819702,Services,8806 Eagle Crest Way
Base,14,0977053377,Training,560 Anhalt Court
Darlleen,60,0568266226,Training,4 Marcy Plaza
Hyacinth,19,9801333774,Accounting,947 Fisk Trail
Annamaria,13,6685975482,Legal,6108 Summerview Trail
Gwenora,64,8905854850,Product Management,8 Elka Park
Augustus,61,1869100948,Research and Development,947 Heffernan Plaza
Hatti,67,1493896903,Training,542 Declaration Pass
Desirae,62,8176348872,Support,34 Farragut Hill
Sandie,45,6916393564,Business Development,2 Northwestern Point
Adrian,70,6588455801,Engineering,091 Charing Cross Circle
Flory,22,5909126180,Sales,44965 Montana Avenue
Conrade,95,1421958414,Services,659 Delladonna Court
Krispin,96,8698358306,Training,8 Scott Way
Libbi,58,6626022725,Product Management,339 Grover Crossing
Janot,27,0266219217,Product Management,6 Superior Alley
Smith,88,3200419806,Training,80155 Walton Circle
Lyon,9,4515037498,Engineering,52173 Sommers Center
Ike,18,7041519554,Business Development,00 Esker Hill
Roana,40,7004224988,Research and Development,1973 Loeprich Drive
Katie,5,2783788780,Product Management,305 Melby Terrace
Jewell,72,9797474100,Sales,72 Meadow Vale Hill
Frannie,59,9045307316,Product Management,4244 Johnson Crossing
Dolph,1,9162079751,Engineering,77 Express Center
Griffith,20,8078952627,Training,3614 Anniversary Circle
Charissa,56,9953750246,Business Development,929 Lyons Avenue
Mohandas,87,3530434191,Services,07 Ridgeview Crossing
Anjela,51,4880161624,Research and Development,8996 Birchwood Drive
Rachelle,42,7438811980,Marketing,81 Old Shore Pass
Coraline,9,7956627486,Training,632 Texas Court
Berny,96,3691697712,Training,734 8th Terrace
Kort,95,1799004864,Human Resources,8 Forster Street
Arin,48,5765270115,Product Management,695 Crest Line Lane
Fabiano,24,4638587224,Legal,62 Mifflin Parkway
Kelsey,17,5215729549,Research and Development,36646 Atwood Place
Valery,41,1045561126,Product Management,0608 Drewry Trail
Micky,41,5030581995,Human Resources,99230 Texas Center
Mathew,15,5041241651,Product Management,19 Melvin Terrace
Freedman,63,0882012258,Training,4911 Monica Way
Tadeas,1,7679058490,Services,5928 Erie Center
Stephenie,3,5846040187,Human Resources,6 Mccormick Street
Welbie,65,9998941199,Business Development,39 Schmedeman Hill
Shandee,83,6253210149,Human Resources,48 Commercial Trail
Mable,60,5711460544,Product Management,2 Helena Terrace
Marthena,87,0852291124,Marketing,5768 Westport Parkway
Robbin,12,7028826929,Sales,20688 Eggendart Way
Kamilah,14,7972958572,Accounting,06 Scofield Park
Helaina,75,2960637631,Support,03225 Victoria Plaza
Noelyn,27,7144117688,Marketing,33 Sachtjen Parkway
Frazier,8,6081558061,Engineering,7 Longview Way
Nathanil,15,4290293492,Research and Development,45308 Dwight Court
Mayne,69,5204331328,Sales,45 Pawling Drive
Meredithe,87,5598054159,Accounting,616 Macpherson Place
Maurice,32,6036326262,Sales,6121 Everett Parkway
Sergeant,74,4471824945,Legal,1578 Melody Plaza
Adella,73,3199156649,Human Resources,83496 Arkansas Place
Arny,56,7895945882,Services,87 Dryden Pass
Freda,88,9805451100,Product Management,96 Bluejay Hill
Fitz,88,0646675753,Business Development,49 Fallview Alley
Cord,38,8799107465,Services,390 Westerfield Drive
Boony,62,7993934540,Research and Development,3256 Redwing Alley
Cherlyn,61,5798360598,Business Development,0548 Lien Hill
Mame,5,3605668631,Support,41 American Ash Way
Delmar,76,2896752951,Human Resources,661 Farwell Crossing
Sigfried,98,0379770067,Marketing,28 Menomonie Point
Benni,53,1982834935,Accounting,49 Service Parkway
Wainwright,55,6003529652,Accounting,6 Towne Street
Ogden,3,2887527347,Marketing,918 Haas Lane
Arnaldo,21,5924615111,Business Development,34 American Ash Point
Gabriella,16,0325858926,Training,5 Fairview Point
Timotheus,30,9805193144,Human Resources,52 Maywood Parkway
Mead,82,7757452252,Accounting,3934 Grover Parkway
Prue,64,7070942710,Marketing,6 Butterfield Park
Etheline,84,1710756039,Accounting,51868 Shopko Hill
Obed,60,6771449351,Training,59171 Muir Junction
Codee,79,7286304801,Training,53204 Derek Way
Darsey,23,7754646021,Sales,8739 Johnson Parkway
Chip,13,7570554612,Product Management,19458 Stuart Circle
Dukie,8,7935299625,Business Development,628 Burrows Parkway
Fey,34,4631525002,Human Resources,32712 Spohn Center
Ashlan,76,8370761194,Human Resources,27 Karstens Court
Nerissa,73,7532474275,Engineering,9 Nobel Point
Suellen,78,8131502554,Sales,12 Harbort Road
Skipp,23,6091334166,Sales,715 Golf Circle
Adan,70,7847144344,Accounting,0 Dennis Road
Loutitia,96,2476575410,Legal,0 Elgar Hill
Mufinella,13,0479811873,Product Management,89 7th Point
Winifield,88,3412690201,Research and Development,8071 Evergreen Court
Shanna,93,4893164430,Services,89706 Meadow Vale Circle
Helsa,10,5354599938,Product Management,5 Walton Junction
Quincy,75,7055452996,Training,400 Holy Cross Street
Heriberto,32,5546118490,Services,555 Heath Street
Loutitia,43,2651795380,Engineering,22526 Del Sol Parkway
Maighdiln,54,4734001987,Marketing,6 Lunder Place
Maisie,91,5043428066,Human Resources,60 Daystar Way
Shep,96,4716701255,Research and Development,89 Truax Circle
Marne,91,5227792631,Business Development,89 Ridge Oak Place
Ileana,15,9560254189,Services,6376 Sunbrook Street
Siana,79,4354046644,Engineering,8 International Alley
Edouard,63,0819818216,Legal,457 High Crossing Circle
Jordan,55,4888165084,Human Resources,736 Manitowish Lane
Bamby,91,2957532271,Business Development,05 Del Sol Street
Nobe,31,3157871749,Human Resources,38485 Sunfield Way
Lesya,75,9014552831,Research and Development,84 Kipling Court
Alasdair,92,3098598379,Sales,93835 Riverside Terrace
Winslow,99,7025661996,Product Management,527 Daystar Drive
Herve,93,8836842755,Engineering,752 Vahlen Circle
Billie,24,4936429775,Engineering,28 Melby Circle
Ursuline,24,7659360469,Business Development,0386 Hazelcrest Parkway
Naoma,65,8604080678,Marketing,55913 Blue Bill Park Pass
Erick,91,0509628478,Support,92 Bunting Pass
Penny,37,1334751579,Legal,0307 Hallows Avenue
Bruce,6,3606378416,Human Resources,33 Canary Way
Vivian,7,2356322167,Sales,54 Hovde Alley
Olenka,4,0686624955,Training,61 Hoard Crossing
Pietra,8,7720363116,Training,52 Goodland Lane
Adena,92,7617165102,Accounting,93 Sommers Junction
Venita,92,2396634585,Product Management,01479 Hayes Avenue
Malcolm,29,0465088384,Support,05 Little Fleur Point
Juli,45,4933121222,Legal,329 Carpenter Alley
Constantina,24,1127968505,Training,77 Jay Parkway
Giacinta,80,4998983563,Business Development,426 Petterle Road
Alexi,47,6474447036,Support,72 Clemons Place
Patricia,34,6127327563,Research and Development,4 Golf View Way
Lizbeth,58,1671640209,Product Management,65 Lillian Plaza
Bobbe,65,4822777804,Accounting,34762 Utah Street
Ronalda,8,4154162292,Support,4195 Glendale Avenue
Joellyn,64,7743909565,Legal,52782 Arizona Center
Jinny,52,3404261739,Support,253 Lake View Pass
Micheline,32,5319300794,Human Resources,5421 Jana Pass
Aurelie,73,7720414551,Product Management,25486 Darwin Junction
Joanie,14,7566549995,Business Development,5 Washington Parkway
Danya,67,4954728762,Engineering,8 Johnson Drive
Anneliese,6,7538551956,Human Resources,7586 Westerfield Circle
Patrick,23,4473089134,Engineering,26501 Everett Lane
Kerwin,89,4317358123,Research and Development,05789 Toban Street
Trevar,60,3763939393,Human Resources,5 Susan Pass
Xever,47,3527237054,Accounting,4875 Towne Hill
Sloan,21,9875518204,Training,08146 Forster Park
Tannie,30,4938604566,Services,60 Trailsway Court
Fowler,72,0304311324,Training,83591 Morrow Alley
Bev,37,9299362351,Training,6 Lake View Avenue
Currey,87,7607571736,Business Development,1 Judy Center
Merridie,28,7291284333,Research and Development,416 Stang Street
Hussein,31,2471255256,Support,9 Ridgeway Lane
Micheil,5,6042985213,Marketing,64352 Lukken Terrace
Deonne,62,3799006400,Support,930 Carey Trail
Fredek,90,5199973282,Product Management,79888 Fulton Lane
Eliot,46,5463422613,Research and Development,2797 Norway Maple Junction
Hale,9,5521403124,Legal,5780 Randy Street
Jordanna,26,9833249884,Marketing,6203 Menomonie Center
Sheff,34,2970726572,Services,37 Fair Oaks Point
Silva,19,2956865307,Engineering,5503 Carey Street
Wilow,50,8803860517,Marketing,5 Hoffman Alley
Garrot,69,2728523215,Services,413 Fairview Lane
Cal,10,2128903483,Legal,351 Sherman Park
Betteann,34,0312056516,Support,43 Forest Dale Point
Ralina,100,3718385880,Training,23648 Kinsman Park
Jaimie,23,4959889373,Research and Development,5 Heath Parkway
Aleece,21,0813026644,Human Resources,402 Ridge Oak Park
Jaquith,67,6288405701,Legal,962 Arapahoe Hill
Melodie,38,4768139973,Sales,04 David Point
Kippy,88,8719917619,Marketing,8507 Banding Point
Hestia,42,8235063662,Research and Development,8001 Mallard Way
Tally,16,3251598635,Product Management,7592 Roxbury Hill
Amaleta,8,8855365789,Marketing,2 Scoville Court
Gracie,33,0194896498,Services,5 Waubesa Junction
Shandy,1,3834600903,Product Management,2 Bluejay Lane
Nickola,75,6742074299,Product Management,74759 Heffernan Trail
Linea,81,6556110930,Research and Development,4749 Del Sol Lane
Adelina,67,7253985885,Legal,587 Northfield Street
Aylmar,39,1068133368,Accounting,60 American Ash Crossing
Selia,78,0378883658,Human Resources,7591 Bobwhite Parkway
Monique,73,6649984574,Support,0 Cottonwood Plaza
Rhodie,13,2515894887,Training,9 Schmedeman Plaza
Antons,73,5549023210,Human Resources,5935 Melrose Parkway
Miranda,16,5434669053,Research and Development,77151 Blackbird Hill
Yancey,41,1672290007,Engineering,51 Mallory Center
Humbert,88,5892476731,Marketing,1 Miller Pass
Kippie,37,4393206452,Human Resources,5 Orin Point
Alethea,3,7576606940,Marketing,569 Grim Trail
Braden,96,2026887225,Engineering,43 Utah Place
Ham,57,5259863755,Business Development,24 Cody Drive
Lilith,77,0349791449,Human Resources,8 Kropf Street
Tulley,52,6887310570,Product Management,7 Ridgeview Plaza
Noelyn,76,4042175724,Product Management,75435 Forster Park
Anthe,28,4776634651,Training,0531 Garrison Court
Ajay,21,2892555337,Engineering,2992 Debra Lane
Kimbell,6,1119900697,Human Resources,5511 Aberg Point
Jessica,11,3216969924,Engineering,170 Sommers Place
Marcile,73,0415623456,Accounting,8 Fulton Junction
Kearney,58,0228917379,Legal,9301 Maple Crossing
Rochella,100,4171881137,Support,1851 Ryan Alley
Dona,47,5083837226,Training,79884 5th Drive
Beitris,85,8158573037,Accounting,4 Kenwood Pass
Lenka,16,7740497185,Sales,758 Hazelcrest Pass
Way,54,6922503058,Services,8532 Everett Drive
Keir,46,0693869844,Business Development,227 Green Point
Shay,92,6899884267,Marketing,434 Melrose Place
Xever,27,2154376509,Engineering,17870 Green Ridge Court
Tildi,96,1140744070,Support,7387 Stone Corner Lane
Tabina,22,7128885005,Business Development,984 International Way
Peg,99,1675931763,Accounting,4 Declaration Place
Murvyn,17,7953825767,Marketing,88863 Hovde Drive
Trenton,72,9356763526,Training,5364 Mifflin Road
Jessamine,51,3253309428,Support,94542 West Point
Ingemar,13,7467456743,Product Management,33181 Mallard Avenue
Karoly,35,6100467720,Engineering,9669 Glendale Terrace
Davy,99,2319020128,Legal,89 Melby Way
Imojean,41,7784545584,Sales,3415 Raven Crossing
Hendrick,26,3975577282,Services,12690 Prairieview Road
Phylys,27,0373925689,Business Development,32 Columbus Street
Chick,48,3032673011,Accounting,07 Chive Circle
Willetta,74,2444813960,Research and Development,79817 Fallview Drive
Etan,68,5367949185,Engineering,346 Stone Corner Circle
Alfi,82,4294337648,Product Management,4490 Garrison Park
Ruy,49,3749250731,Product Management,790 Heffernan Trail
Diena,44,2969015536,Business Development,562 Old Shore Plaza
Ezequiel,17,3524484123,Human Resources,7987 Gina Trail
Denys,33,5897322260,Engineering,02 Maple Plaza
Shelden,37,0272036218,Marketing,81 Lakewood Gardens Junction
Charmaine,87,8175526343,Sales,01660 Anniversary Hill
Latrena,37,0225356511,Human Resources,65793 Fair Oaks Parkway
Toni,60,1879145022,Services,19683 Dawn Trail
Ealasaid,10,6928810440,Business Development,871 Anzinger Crossing
Heindrick,5,7258092714,Training,9120 Eastwood Road
Webb,52,3904678191,Marketing,31830 Iowa Junction
Ginnie,35,8785602396,Training,48105 Elgar Drive
Gerrilee,68,6839680118,Sales,88 Mayer Center
Mabelle,1,1732003599,Support,75898 High Crossing Plaza
Clovis,56,1029903913,Business Development,34 Becker Point
Minette,41,0654558183,Research and Development,2458 Tony Avenue
Louisa,13,7727948020,Engineering,3 Sugar Place
Hussein,90,4617753036,Support,560 Riverside Street
Jorie,55,1399575953,Legal,297 Judy Place
Rex,42,2777879001,Support,10790 Gerald Trail
Valentine,100,7526771328,Engineering,9 Swallow Plaza
Lesley,35,3470914591,Training,57174 Stang Center
Thane,98,3571117433,Legal,20 Washington Way
Pepe,31,3035210179,Marketing,6 Park Meadow Alley
Ibrahim,100,0236588680,Support,795 Porter Road
Annabal,13,2943141356,Research and Development,427 Cascade Trail
Valle,20,5012267516,Marketing,98 Dwight Road
Gus,45,7860583364,Human Resources,1707 Prairieview Hill
Barty,87,4455036040,Legal,02 Welch Avenue
Shandee,89,6363052750,Marketing,3775 Ruskin Court
Kassie,63,1990451926,Sales,87 Golf Terrace
Pansy,23,0701079495,Training,0 Monterey Avenue
Brooke,34,1168319676,Research and Development,1294 Dayton Pass
Monika,5,9768110635,Sales,98 Lakeland Terrace
Robina,79,4975027100,Legal,15314 Upham Way
Stephana,68,6023078273,Product Management,0 Carey Junction
Aurora,4,2714847080,Training,9671 Cardinal Way
Alf,76,1209537540,Human Resources,57328 Fuller Plaza
Cointon,78,4179396963,Research and Development,3 Manufacturers Way
Dimitri,53,3650773899,Training,839 Prairieview Pass
Berny,77,6883759034,Business Development,391 Holy Cross Hill
Radcliffe,4,8014934288,Human Resources,29591 Knutson Plaza
Roy,32,6467589416,Marketing,74316 Rutledge Center
Marla,17,5644854027,Research and Development,89 Summer Ridge Pass
Ludwig,24,9616882201,Research and Development,0 Warner Court
Camilla,50,0014213273,Human Resources,45 Merry Road
Francois,89,7689576397,Legal,609 Quincy Alley
Vere,16,0572381557,Product Management,7222 Pankratz Circle
Karie,92,5735114743,Support,253 Spenser Lane
Jeana,79,4165984183,Marketing,216 Algoma Way
Ericha,38,1226552366,Human Resources,8043 Logan Alley
Elwood,93,3681812594,Marketing,53638 Kropf Center
Beth,79,9724594564,Marketing,67242 Prairie Rose Alley
Johny,60,4101340838,Business Development,118 Randy Street
Daphne,68,2488200948,Support,65 Farwell Plaza
Michail,64,5042762957,Support,174 Emmet Hill
Garvey,73,0194757528,Research and Development,75387 Mesta Drive
Jessica,53,9535780832,Marketing,52 Badeau Circle
Kailey,33,4563828033,Services,5986 Basil Plaza
Titus,1,4623317854,Services,76821 Heffernan Center
Boot,24,4401035313,Business Development,7 Clemons Park
Orrin,35,1203141440,Legal,8 Anzinger Junction
Annalee,54,1452935521,Training,736 Melody Avenue
Hildagard,12,7359730384,Support,6743 Norway Maple Street
Lois,68,6583915367,Sales,8 Badeau Crossing
Nancy,58,3093062683,Accounting,79 Johnson Crossing
Yuma,30,1716359910,Accounting,4425 Bluejay Terrace
Marita,55,5494901947,Legal,213 Marquette Point
Jacinda,68,7589104841,Product Management,90286 Canary Pass
Ardath,16,7814854733,Research and Development,990 Lien Junction
Shaughn,73,7706341437,Business Development,528 Huxley Park
Marjy,46,2755857048,Training,4014 Butterfield Road
Bary,61,0551054735,Human Resources,25 Beilfuss Lane
Sholom,84,7149167241,Training,66 Wayridge Hill
Codi,62,6651870564,Legal,027 Mallory Point
Ferd,64,6508852310,Product Management,2590 Bluejay Terrace
Lanita,8,5160752382,Accounting,3 Almo Hill
Gabriella,56,3792675269,Human Resources,86 Manitowish Parkway
Andie,38,4067425090,Marketing,01575 Northfield Park
Rriocard,84,1105263436,Services,7 Vermont Alley
Beniamino,14,6504879885,Business Development,3230 Dakota Circle
Arabela,32,6852147630,Engineering,12 Village Green Court
Michelina,38,0594016223,Product Management,2670 Warner Circle
Dalt,93,9619391896,Support,5102 Eastlawn Place
Maxi,75,8035978659,Sales,2558 Lotheville Hill
Biddy,53,1158918860,Accounting,666 Buhler Trail
Alejandro,88,9795750410,Services,46 Mayer Way
Bale,64,8856760460,Business Development,450 Crest Line Crossing
Minna,7,8872021006,Marketing,92 Rockefeller Court
Colman,27,7595168481,Engineering,430 Main Court
Robin,26,8458290456,Business Development,85 Chive Hill
Lennard,38,6715892326,Accounting,4 Granby Way
Mervin,7,7693841008,Training,029 Sunnyside Way
Adriena,53,6826111829,Services,48 2nd Plaza
Tandy,61,8611992296,Sales,14 Troy Hill
Kenton,74,1384428232,Support,4665 Little Fleur Crossing
Wilfred,86,0239727347,Product Management,673 Maple Wood Parkway
Sheeree,35,1242210962,Business Development,6 Hansons Court
Kipp,54,7098779091,Human Resources,409 Graedel Lane
Noach,8,3219220436,Sales,83522 Menomonie Pass
Scarface,70,0725005092,Research and Development,57 Burrows Plaza
Even,25,0709559593,Training,0118 Dovetail Trail
Cody,28,7928055554,Research and Development,8404 Forest Court
Alexio,36,9522674516,Business Development,231 Sullivan Pass
Alexis,58,5983222082,Sales,34 Lawn Lane
Gunar,8,3567010832,Business Development,85 Becker Drive
Justino,73,6651358626,Product Management,693 Larry Avenue
Heriberto,78,1643955551,Product Management,79875 Dakota Street
Catharine,39,4363239999,Services,499 Michigan Street
Griffy,1,1349918067,Services,076 Oak Valley Road
Cleo,48,4725200085,Research and Development,2050 Erie Circle
Mariska,64,2039634916,Accounting,8675 Forest Point
Dorrie,34,9826367435,Accounting,45 Haas Way
Tessy,7,7200026433,Product Management,08605 Gale Trail
Sterling,78,3386606199,Research and Development,75722 Kropf Center
Minnaminnie,84,8925147777,Training,2510 Hauk Drive
Page,80,7232951191,Legal,16760 Bobwhite Parkway
Sybila,3,5951287227,Support,058 Old Shore Pass
Karleen,92,9618506541,Support,49 Eastwood Road
Maitilde,81,9596636189,Support,42 Dawn Junction
Larine,17,7062027391,Training,59 Paget Place
Eduard,68,8331726367,Legal,37470 Dapin Avenue
Giusto,97,8880747789,Training,66099 Homewood Avenue
Hobart,27,3080124936,Engineering,1 Rusk Way
Anastasia,7,1295543214,Research and Development,97071 Stephen Pass
Kacey,57,6818944361,Services,9550 Spohn Junction
Waverley,69,4375347821,Services,47783 Prentice Lane
Jarrod,70,6004203130,Training,292 Ramsey Street
Thain,32,1814591311,Research and Development,9060 Esch Drive
Nani,16,6078370235,Engineering,4226 2nd Drive
Teriann,17,8302040304,Business Development,7 Hanson Drive
Yolanthe,57,3868459774,Human Resources,7809 Aberg Center
Ken,4,9767650911,Sales,832 Clove Lane
Gerrilee,92,2600726861,Services,0 Red Cloud Drive
Candide,59,7555893304,Research and Development,85741 6th Park
Lisbeth,1,9696137621,Sales,78 Merrick Road
Pegeen,59,8065341217,Legal,28 Morning Park
Konrad,72,8579834694,Marketing,28 Crest Line Junction
Xena,19,2447225903,Engineering,699 Drewry Court
Sadie,15,6482439306,Sales,766 Glendale Pass
Annamaria,39,5213701906,Engineering,2825 Brown Circle
Rachelle,6,0022718389,Marketing,087 Bluejay Point
Hilliard,3,3104959110,Marketing,714 Lighthouse Bay Plaza
Abie,40,6840684679,Sales,2 Lyons Park
Benoit,43,2609999143,Sales,16 Corben Way
Paulette,79,8058592056,Business Development,93 Carpenter Lane
Neddy,95,9796341158,Research and Development,86 Spaight Street
George,50,6407008433,Product Management,1404 Mendota Way
Torrin,36,8117928140,Services,15 Banding Lane
Gayler,9,4389289632,Support,72 Kennedy Way
Mark,1,3637008556,Human Resources,04 Del Mar Alley
Douglass,61,8399815616,Human Resources,8 Banding Lane
Marylee,24,3108072978,Product Management,46 Westridge Parkway
Sheridan,70,6903817484,Human Resources,7 Judy Road
Johan,42,1088616747,Legal,36574 Calypso Drive
Mattie,52,2008377490,Services,9 Monument Avenue
Lorilee,36,2000479820,Product Management,18 Cottonwood Center
Ellary,59,6861996122,Research and Development,3 Melby Drive
Jeniece,1,4430104670,Accounting,437 Jenifer Lane
Jill,67,8938750744,Legal,234 Elka Point
Marinna,66,7346849493,Product Management,63375 Di Loreto Alley
Ive,37,7546502764,Services,19785 Brentwood Crossing
Reine,6,8440653603,Human Resources,4 Stephen Crossing
Lenka,29,4322372058,Engineering,1 Clarendon Point
Pooh,95,7512787367,Services,036 Cardinal Drive
Grace,16,3515840303,Human Resources,5 Melby Plaza
Aloise,26,4248683857,Training,8933 Tony Place
Craig,10,5028486298,Services,60 Swallow Avenue
Dolph,71,6413987669,Research and Development,6 Quincy Drive
Dina,42,9511378686,Training,985 Northridge Parkway
Martainn,72,0775803510,Sales,1 Delaware Court
Jefferey,77,9903450702,Services,95 Mallory Crossing
Nicolai,57,2564767265,Engineering,6354 Prentice Place
Hildagard,5,8796581344,Support,3849 Pawling Parkway
Woodman,93,5713429423,Engineering,496 Caliangt Alley
Hugo,78,5717406568,Services,30795 Hansons Hill
Alleyn,58,6943825674,Sales,66 Washington Alley
Heath,25,5221377985,Business Development,31224 Little Fleur Trail
Gerrie,3,8202046920,Legal,3 Village Green Place
Lionello,77,7058440964,Support,3 Declaration Street
Brewster,45,8109235530,Sales,340 Esch Road
Anica,47,9198587536,Support,53 Petterle Trail
Ev,75,3017129411,Sales,78 Eagan Center
Darlene,2,5550818078,Services,939 Iowa Terrace
Ainslee,27,1105329836,Training,65 Glacier Hill Hill
Rufe,96,3267304865,Accounting,08979 Rutledge Center
Brian,9,2862023442,Marketing,25661 Paget Plaza
Nadia,51,6284014902,Support,622 Park Meadow Pass
Chloe,1,2752556829,Human Resources,8797 Cardinal Crossing
Aksel,12,1138769061,Sales,714 Randy Way
Tomkin,71,7109863174,Marketing,56 Kinsman Terrace
Anita,82,0115878858,Support,45 Walton Plaza
Carine,39,6237790438,Human Resources,3275 Susan Center
Antonietta,25,7030917693,Accounting,81181 Reindahl Point
Dick,82,6287326050,Support,366 Kensington Way
Bengt,83,2319237313,Product Management,2562 Westridge Street
Barrie,84,2979002631,Human Resources,6 Evergreen Alley
Tiphany,35,8154006995,Marketing,6725 Chive Plaza
Nathanil,90,8204753160,Marketing,13508 Morning Court
Faye,77,4111974570,Support,75 Coleman Pass
Stace,55,6001807280,Engineering,77992 Emmet Way
Roarke,80,8527729547,Product Management,200 Park Meadow Junction
Saudra,62,2063393818,Accounting,047 Service Hill
Conni,25,9828242818,Sales,79248 Cottonwood Road
Janean,58,8530825594,Marketing,632 Bartelt Court
Augie,44,1675841713,Marketing,7142 Oriole Drive
Milicent,80,6385967166,Training,979 Dottie Road
Darcy,33,7107626590,Sales,722 Maryland Terrace
Ashlee,49,9492599465,Legal,8453 Springs Plaza
Linet,33,1946089400,Research and Development,0 Boyd Circle
Cecil,56,5159796398,Product Management,729 Dakota Way
Rafi,29,6206884562,Legal,852 Packers Point
Connor,55,4550839813,Training,91 Meadow Ridge Circle
Laird,42,2219336352,Services,40083 Mesta Hill
Rozanna,40,0269631518,Sales,8176 Mifflin Circle
Cornall,97,8295613383,Services,389 Schiller Parkway
Aline,86,8398605030,Marketing,6771 Autumn Leaf Road
Gypsy,82,6319783044,Services,0544 Mallard Trail
Marchelle,46,7863157595,Research and Development,4113 Summit Road
Aloise,91,0749833467,Marketing,674 2nd Trail
Winnie,86,7266497892,Training,1930 Washington Point
Nickolaus,84,9496858902,Support,26174 Dexter Lane
Antonella,3,4774395757,Engineering,70 Nova Parkway
Hercules,55,1791662137,Marketing,73178 Macpherson Place
Sharron,67,3571401611,Engineering,65 Larry Lane
Wernher,7,9623845227,Engineering,62 North Center
Elnora,32,2683069340,Support,9332 Weeping Birch Road
Timi,43,1515605752,Support,73 Fuller Terrace
Gianina,8,6179166099,Training,232 Homewood Park
Duncan,62,2785907736,Sales,77683 Del Mar Point
Sonny,97,8562675601,Training,48525 Anthes Center
Pru,71,9986351995,Product Management,1346 Hallows Circle
Casi,67,4631601647,Product Management,18677 Gina Parkway
Trenton,100,9991441174,Business Development,8 Nevada Center
Danice,83,7802676916,Sales,27 Jenna Road
Wyn,39,8302491985,Human Resources,7906 Barby Junction
Mallory,22,2176529693,Sales,71472 Crest Line Pass
Joyous,73,7912553118,Services,381 Debra Junction
Gian,54,4301345930,Human Resources,6012 Reinke Alley
Brandi,55,8659473574,Services,2 Westend Road
Glenine,58,9222720636,Human Resources,7 Harbort Lane
Fernanda,59,7114922949,Sales,93 Sunbrook Alley
Lorelle,88,9313993155,Marketing,0 Gateway Hill
Alva,5,3712768435,Research and Development,0 Sage Avenue
Horton,52,1935347764,Engineering,467 Red Cloud Plaza
Rosanna,5,1850242267,Training,23089 Mendota Trail
Martie,97,5552989295,Training,40937 Grasskamp Pass
Ermentrude,39,8660844106,Sales,707 Oak Valley Pass
Alejandrina,54,3350568157,Legal,92452 Monument Point
Garrott,97,5555696515,Human Resources,59 Grover Drive
Josey,98,5029872639,Product Management,83 Bowman Road
Cooper,51,6425512172,Business Development,08402 Lerdahl Avenue
Steffane,33,0793125944,Research and Development,17 Bunker Hill Hill
Fredelia,4,0018015832,Engineering,03380 Lakeland Parkway
Phillida,61,9098591965,Legal,75 Maple Way
Claudius,30,4660217574,Accounting,572 Brown Pass
Dorena,8,5038907458,Accounting,2888 Larry Point
Eugenie,12,0237560062,Training,7 Independence Hill
Carlin,67,8624563186,Services,35703 Darwin Plaza
Lewiss,86,9609272479,Training,710 Acker Way
Vida,95,6643749670,Business Development,8460 Ludington Place
Merilee,63,7815271987,Engineering,6210 Heffernan Center
Wolfy,68,5465623373,Training,692 Butterfield Park
Korella,27,7232431856,Accounting,5419 Westerfield Hill
Nanni,19,1659565863,Marketing,011 Dayton Center
Lek,26,6590485119,Training,163 Grover Terrace
Forest,79,1562002775,Engineering,47180 Sachs Point
Hally,31,4834020045,Marketing,0 Dorton Drive
Anna,68,1814687378,Research and Development,726 Mccormick Alley
Kippy,85,0782670296,Engineering,5 David Hill
Wyn,71,7519950107,Human Resources,66462 Lawn Drive
Allyn,1,0445770317,Marketing,4 Luster Lane
Judd,49,6978093726,Marketing,705 6th Plaza
Jereme,24,2304438474,Engineering,52 Farwell Park
Alanna,84,3643872631,Human Resources,326 Talisman Place
Callie,82,8738119528,Engineering,54192 Shasta Pass
Tory,29,7670591498,Support,987 Hagan Lane
Merrel,43,2547800470,Support,13 Butternut Park
Langston,9,1116287153,Training,6 Barnett Plaza
Anne-marie,62,2790473587,Training,2 Becker Point
Sampson,2,6876600084,Services,6881 Northridge Trail
Andreana,76,0823112861,Engineering,72966 Kings Way
Corliss,79,8591086309,Legal,0264 Boyd Point
Delphinia,86,3739143762,Marketing,381 Kenwood Street
Tallie,25,4268832343,Human Resources,5 Clove Way
Thadeus,30,6165955681,Support,4 Summerview Park
Tamera,22,0512133816,Support,7 Anzinger Circle
Edi,9,5352201929,Business Development,791 Twin Pines Junction
Paloma,55,3077602474,Product Management,282 Mosinee Park
Brina,10,0624384926,Product Management,81 Golf Road
Norene,57,8481437034,Accounting,77870 Katie Place
Goran,53,8945816941,Product Management,77240 Lotheville Lane
Grenville,98,3080111486,Services,78 Ramsey Center
Nobe,92,6804155211,Sales,69550 Artisan Street
Perla,69,8738587904,Engineering,89527 Darwin Hill
Hettie,34,4389558641,Research and Development,071 Boyd Terrace
Trevar,73,6683709084,Research and Development,8596 Washington Plaza
Dredi,6,8823430267,Marketing,6437 Washington Road
Zeb,19,5959751887,Marketing,68 Loeprich Crossing
Mirabella,75,4065465311,Business Development,26246 Eagan Center
Ryley,39,8882053660,Engineering,5552 Johnson Center
Rachelle,13,7681704787,Accounting,3769 Green Trail
Sharona,98,5276416230,Engineering,9677 Gerald Parkway
Wernher,40,8686616119,Support,3 Sauthoff Circle
Ally,30,4464549993,Marketing,1 Fair Oaks Lane
Daron,99,8834920546,Marketing,831 Lakeland Parkway
Edik,91,8716032381,Marketing,6 Crowley Hill
Linoel,60,3229142136,Legal,252 Homewood Parkway
Ab,68,3607644985,Support,79 Texas Parkway
Araldo,74,2171708735,Business Development,766 Anderson Street
Delly,56,7179714852,Legal,29 Havey Road
Gwen,14,5732726063,Human Resources,7270 John Wall Junction
Chucho,69,2934060888,Sales,053 Hintze Plaza
Karry,86,8334523947,Business Development,5 Onsgard Trail
Boote,13,9055920258,Legal,871 Vermont Court
Marcelle,20,9474794383,Sales,06225 Rieder Parkway
Tiphani,64,8479624329,Research and Development,3 Badeau Terrace
Merline,65,6910397363,Accounting,468 Hintze Trail
Franciskus,24,2742364080,Business Development,5 Morrow Road
Gunter,49,3944919513,Support,6413 Lighthouse Bay Avenue
Dominick,79,2128218594,Research and Development,954 Starling Avenue
Pauli,30,1778573932,Product Management,98768 Jackson Court
Wallis,39,5351583267,Product Management,52967 Stoughton Hill
Ramon,21,8309721307,Sales,8420 Gale Hill
Ignacio,73,2719288020,Product Management,93040 Ridgeway Court
Ulric,69,4182498429,Engineering,2958 Jackson Parkway
Reider,54,0257166955,Product Management,4432 Lighthouse Bay Trail
Bunni,35,8686906699,Sales,90078 Dunning Terrace
Wilona,69,4254784465,Human Resources,586 Westport Road
Davida,16,6811669772,Sales,6 Golf View Street
Jillie,19,0345750241,Legal,1686 Westridge Terrace
Torre,62,3713413851,Training,5 Artisan Lane
Adda,28,1908783400,Product Management,94 Springview Place
Gabbie,65,5691876651,Support,7 Sundown Court
Husein,72,3050598158,Marketing,544 Corry Junction
Portie,81,7154518936,Marketing,9539 Arrowood Circle
Zitella,64,7903939645,Training,580 High Crossing Avenue
Nels,4,8050482510,Research and Development,50 Del Mar Street
Magdaia,30,2699180343,Training,41 Toban Crossing
Gilemette,1,8061435845,Research and Development,32 Drewry Point
Rhys,7,0864585802,Product Management,7 Marquette Circle
Angelique,96,4502321443,Support,281 Fisk Point
Aridatha,43,4190068233,Accounting,60661 Hoepker Center
Feodor,47,9729550131,Legal,3 Donald Lane
Morley,38,2493251482,Human Resources,62453 Rieder Center
Rina,24,5691291831,Accounting,100 Gateway Plaza
Noam,70,9873927956,Support,72277 7th Center
Athena,31,7828067623,Human Resources,12 Helena Terrace
Joycelin,45,1078741859,Legal,1461 Cardinal Junction
Josh,89,1589642244,Support,441 Debs Parkway
Olin,59,0822864827,Accounting,46 Helena Pass
Syman,51,9937043247,Legal,293 Annamark Trail
Ulick,24,9601184619,Product Management,30 Walton Alley
Reina,10,2992500836,Product Management,82 Scoville Parkway
Creighton,8,5607634418,Human Resources,5 Pankratz Lane
Gerome,60,4150947384,Training,0 Derek Avenue
Kathy,28,7635780913,Engineering,0 Welch Junction
Meade,17,5077974152,Research and Development,73236 1st Park
Natala,53,5740701619,Support,9198 Logan Drive
Ann-marie,76,1699809445,Services,62 Lunder Circle
Rickert,48,8104061259,Accounting,91 Fremont Road
Emilee,66,2704355215,Support,97482 Maple Wood Road
Nataniel,29,5349311476,Business Development,31654 Gerald Junction
Vanny,28,1408587785,Accounting,833 Delladonna Pass
Sarge,36,9698815015,Product Management,4 La Follette Lane
Gene,14,4518414578,Support,13725 Vera Alley
Kingsly,27,1009963155,Legal,31 Debs Lane
Cathleen,43,7289002954,Product Management,0 Nancy Avenue
Fredra,48,9294085589,Services,3158 Vernon Center
Ashli,30,4539886657,Support,836 Dawn Court
Rivy,74,4651502180,Legal,55845 Glacier Hill Park
Drake,11,5906042741,Research and Development,9 Erie Parkway
Ambrosius,25,4707736009,Human Resources,241 Stuart Avenue
Scotti,74,5872782845,Product Management,0136 Del Mar Pass
Creigh,91,2852005360,Research and Development,86268 Arkansas Alley
Jule,87,4649191823,Business Development,1 Sommers Plaza
Lanette,45,3460771852,Support,402 Coolidge Pass
Myranda,7,1810312531,Human Resources,7 Vermont Point
Kendal,99,5025150302,Legal,9 Superior Pass
Elyse,39,4931884512,Accounting,253 Charing Cross Place
Danella,77,0765985217,Marketing,5 Luster Hill
Carley,85,7812997251,Engineering,433 Namekagon Point
Lauren,39,9315633652,Sales,15 Monica Point
Niel,29,6454547396,Marketing,92681 Columbus Terrace
Steve,49,6273312486,Human Resources,16061 Westend Park
Gavrielle,25,5264669406,Support,039 Vermont Place
Tulley,37,0930213300,Sales,3830 Pepper Wood Park
Alair,63,8906929978,Services,87 Banding Alley
Claude,87,5690111066,Engineering,863 Autumn Leaf Hill
Fionna,10,9143586783,Services,1 Brown Street
Obidiah,88,7825460898,Services,96 Coleman Parkway
Vinni,99,3805640579,Training,3595 Manitowish Crossing
Marty,55,4340036404,Training,8197 Jenna Point
Nap,31,7064980762,Legal,784 Charing Cross Street
Clementine,97,1024787834,Accounting,82 Doe Crossing Road
Oran,49,9082851814,Support,3 Saint Paul Way
Barb,30,7800127605,Human Resources,3 Esch Lane
Vittoria,50,3302423268,Marketing,24 Hayes Junction
Sherie,71,2930085630,Engineering,9 Valley Edge Trail
Adolphe,20,1293945188,Business Development,7947 6th Lane
Solomon,97,1607897709,Research and Development,8806 Spohn Way
Gary,63,8540297582,Human Resources,891 Kipling Crossing
Aridatha,66,9452529474,Business Development,1 Rutledge Road
Rubie,53,7846813927,Sales,79460 Miller Trail
Josh,92,2739758391,Engineering,2 Monterey Hill
Sebastian,24,7660553151,Engineering,320 Graceland Alley
Adrien,49,5360014792,Services,5 Grim Road
Borden,5,6369242403,Legal,60 Hooker Crossing
William,76,5538442098,Research and Development,28882 Dryden Avenue
Dunn,12,8392401638,Product Management,60 Arkansas Avenue
Vladimir,47,1099296757,Accounting,890 Straubel Pass
Winnah,66,5187848410,Training,462 Menomonie Place
Fenelia,62,3218895286,Sales,350 Elmside Drive
Gill,42,1835329462,Sales,3 Manitowish Alley
Javier,69,1327972840,Services,19487 Lindbergh Street
Gay,22,7964186892,Product Management,88 Arkansas Alley
Evvy,35,8648793351,Training,0915 Meadow Vale Road
Silvain,21,2466512378,Legal,46600 Dennis Alley
Calley,89,9711214784,Research and Development,4 Daystar Place
Charla,61,7145315521,Support,152 Iowa Hill
Korrie,49,6763409982,Business Development,90736 Ryan Plaza
Borden,60,8744756062,Research and Development,452 Arkansas Junction
Ray,91,8582961103,Support,5243 Novick Lane
Noble,42,6678336658,Training,6835 Sunnyside Way
Gerald,24,3205118383,Human Resources,01270 Magdeline Junction
Luca,49,8484291952,Business Development,439 Banding Terrace
Celisse,53,6954616885,Accounting,241 Thackeray Point
Kassie,44,5369957169,Training,12 Rigney Pass
Dario,34,1880937999,Accounting,01270 Onsgard Park
Nils,10,4035678171,Training,34 Judy Avenue
Nanni,8,6828299035,Research and Development,8 Autumn Leaf Avenue
Ermanno,65,6621962673,Human Resources,5 Kings Street
Svend,57,9347365734,Sales,0 West Way
Cyndi,35,8736650005,Sales,959 Cascade Way
Jacky,3,7917321169,Legal,5 Bowman Place
Rusty,6,4410098039,Marketing,267 Northfield Hill
Ianthe,38,7158052540,Sales,8 Monterey Street
Matt,38,3680430566,Services,79 Butterfield Street
Gladi,8,3435436778,Sales,9 Duke Court
Anette,8,7841553870,Services,72 Chive Court
Aura,56,4750297844,Support,0862 Sherman Hill
Lesli,34,6287154624,Legal,2070 Orin Center
Heidi,95,4678357300,Research and Development,2082 Washington Circle
Kimberley,23,9498542775,Engineering,3082 Manitowish Hill
Carson,82,2974169945,Accounting,33546 Mallard Hill
Bennie,83,2595516434,Human Resources,2 Chinook Junction
Bernetta,24,6014629408,Accounting,27190 Park Meadow Junction
Kelly,40,3621409602,Human Resources,00 Division Avenue
Serena,13,3005709272,Engineering,2 Thompson Street
Joellen,100,1764862929,Support,79443 Mallory Circle
Sholom,66,3676487052,Sales,955 Arrowood Street
Elly,80,8727408329,Training,66 Reinke Road
Nissy,96,5200238463,Product Management,67 Shelley Pass
Calvin,29,3494949999,Product Management,25182 Blue Bill Park Lane
Maurine,78,1993815961,Accounting,91781 Heath Road
Giana,89,7442798659,Training,97655 Northland Junction
Sammy,60,9808715125,Sales,61 Parkside Terrace
Shirley,5,8302825832,Research and Development,8722 Fuller Parkway
Nealon,37,6362377699,Training,8012 Shelley Lane
Darcy,60,6375339103,Training,65008 Menomonie Center
Eddie,60,2036473571,Engineering,5494 Summer Ridge Avenue
Cedric,78,2671751230,Human Resources,8260 Caliangt Place
Simon,81,6191081545,Business Development,519 Carey Terrace
Lorin,60,6706499862,Legal,010 Basil Point
Hermine,20,4645803654,Services,8 Straubel Court
Pooh,49,6908085228,Research and Development,8218 Pawling Drive
Seymour,37,4549241519,Product Management,2 Kensington Avenue
Barri,94,7622221996,Human Resources,13 4th Alley
Kliment,68,3191175032,Research and Development,90237 Nobel Park
Sheila,18,9002702094,Sales,51749 Warrior Hill
Enriqueta,97,4521475108,Engineering,787 Jackson Drive
Consuelo,22,5916225520,Business Development,55064 Northport Circle
Dan,56,4388836397,Legal,733 Moland Trail
Gannie,29,3436120243,Legal,5 Meadow Vale Avenue
Beverley,94,5618238608,Sales,67731 Stone Corner Terrace
Morrie,3,3287367110,Services,93 Stang Junction
Alysa,39,7688464692,Human Resources,0 Anzinger Parkway
Dall,55,9409688914,Research and Development,14 Lyons Street
Lucienne,58,6013712468,Services,33130 Alpine Circle
Olly,34,1342886623,Accounting,00568 Anhalt Plaza
Durand,17,4275862740,Business Development,9401 Fallview Place
Heidie,67,0517294753,Engineering,67419 Eagan Alley
Lisabeth,63,9562820297,Support,3852 Bowman Plaza
Krisha,63,8753870786,Training,37580 Logan Avenue
Rois,50,2670810357,Legal,246 Banding Pass
Consolata,42,4701457329,Accounting,01392 Kipling Way
Barron,67,5950949013,Support,22385 Elka Drive
Hali,10,3019260728,Business Development,339 Derek Alley
Brynne,92,1149756527,Legal,6 Hanson Drive
Antonin,35,4914000814,Engineering,856 Service Terrace
Gal,24,7023402837,Marketing,03117 Cherokee Court
Rory,96,0975640925,Sales,63 Park Meadow Park
Mella,25,6598532272,Engineering,0 Coolidge Road
Elna,90,7013320501,Marketing,981 Sycamore Pass
Mercedes,18,8963476308,Business Development,51768 Morning Road
Missy,53,5974294289,Training,6461 Parkside Hill
Scot,18,9143098177,Marketing,60707 Anthes Trail
Jori,82,5570707891,Training,094 Buena Vista Circle
Christin,53,4926911868,Engineering,04466 Claremont Parkway
Heywood,87,4757202210,Support,523 Nancy Crossing
Collette,5,1430496614,Engineering,479 Brentwood Pass
Stearne,46,1645624099,Marketing,57 Merchant Drive
Zaccaria,69,4746080992,Research and Development,0 Butterfield Alley
Kasper,81,5346970312,Support,898 Bay Park
Katherine,91,8819380781,Human Resources,8643 Alpine Alley
Umeko,40,8933403647,Business Development,72550 Utah Park
Sheppard,48,2786878845,Product Management,04855 Randy Place
Janine,20,2013000952,Training,72 Independence Center
Jacquie,45,4260753142,Business Development,573 Vermont Hill
Greg,73,0214478025,Services,8 Scott Way
Chan,95,9811639523,Training,449 Ruskin Circle
Tristan,99,0921989199,Training,9 Westridge Junction
Wang,57,9857206077,Business Development,307 Ridgeview Trail
Pet,74,8424866304,Sales,53399 Ludington Trail
Kinny,89,7694289724,Services,32 Dakota Alley
Juliana,10,1019067721,Marketing,0 Florence Road
Elijah,97,5804829904,Marketing,5286 Mendota Avenue
Neilla,96,4482126276,Human Resources,7 Anderson Drive
Cedric,79,4225855104,Human Resources,97661 South Point
Harmonia,51,8407498408,Legal,71771 Crownhardt Hill
Anastasia,26,4656602957,Legal,5798 Park Meadow Alley
Calley,37,6812975370,Business Development,83 1st Way
Michelle,79,5570960767,Research and Development,920 Mockingbird Avenue
Chad,44,0920494013,Services,722 Hansons Way
Scottie,47,6706889202,Research and Development,324 Clemons Place
Johnathon,14,6531598921,Legal,730 Sundown Center
Louisette,78,2529404003,Accounting,0530 Swallow Lane
Micki,51,8199292547,Engineering,39 Forest Dale Lane
Tommy,53,6184666665,Marketing,3214 Mesta Lane
Rusty,31,0195475240,Sales,0 Haas Trail
Viva,6,2021260283,Marketing,7659 Service Avenue
Cleveland,51,7946750056,Marketing,50 Superior Pass
Raddy,54,5807186214,Research and Development,60 Maryland Lane
Rena,63,4598102705,Support,5 Clove Trail
Ronny,49,5154352440,Research and Development,8683 Goodland Junction
Brett,5,7105325232,Research and Development,070 Novick Hill
Van,94,0199582319,Training,49292 Corry Way
Warner,68,5527715012,Legal,325 Westport Hill
Melesa,95,9226577684,Services,0 Troy Circle
Olva,4,4732737366,Research and Development,894 Twin Pines Drive
Margot,79,5253194126,Product Management,0186 Nova Circle
Ivory,72,1890722715,Human Resources,433 2nd Avenue
Gideon,80,0473608448,Sales,8 Logan Drive
Dionysus,6,5145829884,Training,93105 American Ash Parkway
Kassey,34,1476652651,Sales,7199 Esker Circle
Jobi,59,9873574387,Sales,21 Algoma Center
Tallia,80,3734680565,Product Management,9 Monica Junction
Sinclare,70,6145936118,Business Development,1 Mccormick Place
Vivianne,19,4287717961,Accounting,8658 Comanche Way
Kalil,20,0270031588,Human Resources,31956 Monterey Plaza
Christoffer,70,7677165036,Business Development,6440 Arizona Park
Gusti,74,8119475739,Support,2861 Nevada Street
Quintina,83,1779847270,Human Resources,28244 Bowman Trail
Pyotr,97,2266105744,Sales,69258 Redwing Center
Joyous,11,0054963060,Training,357 Clemons Park
Tessie,60,3240595079,Accounting,1228 Kedzie Way
Tani,65,5940516858,Engineering,4 Clemons Crossing
Gloriana,96,2647056560,Training,396 Fieldstone Lane
Barnaby,32,3943835316,Training,03 Kingsford Court
Lonnie,6,8587794930,Business Development,3669 Hoard Road
Burlie,47,0558573991,Support,1919 Sloan Park
Glenn,63,0283517638,Product Management,2670 Forster Avenue
Nixie,26,2074560443,Business Development,27629 Hallows Park
Evangelin,79,6287748877,Research and Development,30082 Mcguire Junction
Huntlee,64,4250128075,Marketing,8 Hallows Avenue
Dottie,76,0664469426,Training,0442 Vera Hill
Florance,2,6383175173,Human Resources,95548 Bashford Drive
Alberta,35,8797624381,Accounting,167 Donald Trail
Monah,64,3994915325,Marketing,84614 Iowa Pass
Rock,90,1590924436,Research and Development,41 Bayside Park
Maynard,11,1749710757,Training,6652 Hauk Court
Whittaker,63,6369007242,Research and Development,447 Graedel Trail
Finn,52,1096003198,Support,52838 Emmet Plaza
Moshe,96,3264966913,Marketing,8016 Dennis Street
Nada,68,7053210324,Accounting,1 Rockefeller Park
Currey,79,5991889953,Accounting,29885 Dottie Center
Nona,70,2206884968,Accounting,040 Hermina Hill
Diann,44,2715521790,Marketing,80960 Hallows Plaza
Eirena,57,2077934689,Training,4827 Village Green Point
Pall,19,0795552009,Research and Development,7 Maple Parkway
Pamella,26,6671039658,Engineering,151 Westport Circle
Delmor,32,8674155707,Product Management,41453 Anhalt Alley
Ber,100,3195964910,Human Resources,73032 Westridge Lane
Marabel,36,1157541348,Engineering,19 Erie Road
Bessie,99,3787094148,Marketing,61 Linden Park
Rozalie,61,2714508758,Training,5 Doe Crossing Place
Corney,86,9552914876,Accounting,91 Namekagon Center
Georgianna,47,8410437953,Engineering,78638 Merry Center
Benedikt,61,9811012741,Sales,1560 Debs Street
Elinor,98,7704697773,Accounting,7 Thierer Alley
Patrice,51,9284157544,Marketing,2599 Mallory Circle
Dianemarie,98,3596877687,Sales,56472 Boyd Alley
Doretta,20,6406901096,Accounting,822 Morning Court
Morgan,29,1304912825,Training,575 Kingsford Park
Renelle,1,8521252285,Human Resources,09940 Waubesa Center
Gerik,25,8869528146,Services,74337 Meadow Vale Avenue
Ebeneser,10,1780290810,Services,2 Clemons Drive
Dore,99,6299425032,Training,2449 Anzinger Way
Gilberte,34,3086746475,Training,2861 Troy Court
Casie,59,8532178804,Product Management,9 Cherokee Parkway
Ailbert,50,0934238618,Business Development,98920 Dakota Parkway
Michele,67,6967253492,Sales,92 Rusk Plaza
Althea,20,4875426755,Legal,8772 5th Road
Hestia,79,2244407365,Business Development,1250 Quincy Avenue
Sly,62,8311986002,Sales,5 Waywood Street
Noland,74,5635032931,Research and Development,3102 Longview Pass
Dyana,50,1378492064,Support,9862 Golden Leaf Park
Darell,26,2664999524,Accounting,391 Hallows Circle
Wendie,66,5621344375,Product Management,27451 Rutledge Street
Saul,62,5678212281,Marketing,9 Claremont Drive
Raychel,3,5952198503,Business Development,89061 Lawn Alley
Blinny,87,4933519307,Training,14 Village Center
Wakefield,59,3462081942,Legal,26 Spenser Parkway
Ramsay,38,2535413418,Services,93190 Troy Point
Gerhard,61,7654236875,Services,08 Tomscot Center
Derry,99,7544545911,Product Management,18 Loftsgordon Point
Trstram,83,1752673905,Training,96013 Ohio Drive
Leisha,87,2390350011,Legal,5876 Manitowish Court
Larine,42,2815651904,Sales,1 Coleman Court
Jobey,7,8725428780,Accounting,83 Vidon Pass
Aleta,29,1865055344,Business Development,95 Garrison Park
Wilt,50,0300606230,Training,922 Roth Hill
Symon,63,7496896918,Sales,917 Knutson Trail
Beret,51,5718050228,Sales,90 Clove Avenue
Ailyn,94,3760670539,Human Resources,45 Dakota Terrace
Claudette,32,3257426526,Research and Development,665 Farragut Street
Hardy,59,1691670693,Human Resources,12 Atwood Road
